Workbook
Name holidays: OFFSET(#REF!,1,0,COUNTA(#REF!),1)
Name valuevx: 42.314159

Sheet Report
A1: Open Source Intelligent Application
A2: Earned Value Analysis Report
C6: [42]
A9: Summary:
B10: ChiSafe Commute is an open source intelligent route planning application that will help users choose safer routes across the city of Chicago. The application will retrieve and analyze real time data from multiple API sources, which will include weather, crime, public transit and routing data, and will provide a route that is scored based on safety, travel time, and weather.
A20: Planned Value (PV)
A21: WBS | B21: Task Name | C21: BAC | D21: 1 | E21: 2 | F21: 3 | G21: 4 | H21: 5 | I21: 6 | J21: 7 | K21: 8 | L21: 9 | M21: 10 | N21: 11 | O21: 12
A22: 1.1 | B22: Project Charter & Scope Definition | C22: =SUM(D22:O22) -> 13300 | D22: 500 | E22: 800 | F22: 12000
A23: 1.2 | B23: Initial Resource & Tool Setup | C23: =SUM(D23:O23) -> 4500 | E23: 700 | F23: 800 | G23: 1000 | H23: 1000 | I23: 1000
A24: 2.1 | B24: Requirements & Design | C24: =SUM(D24:O24) -> 4500 | F24: 700 | G24: 2000 | H24: 1000 | I24: 800
A25: 2.2 | B25: Functional Requirements | C25: =SUM(D25:O25) -> 3300 | F25: 200 | G25: 600 | H25: 1000 | I25: 1500
A26: 2.3 | B26: UI/UX Wireframes | C26: =SUM(D26:O26) -> 2200 | H26: 700 | I26: 500 | J26: 1000
A27: 2.4 | B27: Architecture Planning | C27: =SUM(D27:O27) -> 3650 | I27: 400 | J27: 600 | K27: 800 | L27: 900 | M27: 950
A28: 3 | B28: Requirements & Design | C28: =SUM(D28:O28) -> 2700 | K28: 400 | L28: 600 | M28: 800 | N28: 900
A29: 4 | B29: Frontend Development | C29: =SUM(D29:O29) -> 1100 | M29: 500 | N29: 600
A30: 5 | B30: Testing & Quality Assurance | C30: =SUM(D30:O30) -> 1950 | L30: 500 | M30: 700 | N30: 750
A31: 6 | B31: Deployment & Documentation | C31: =SUM(D31:O31) -> 2100 | M31: 400 | N31: 800 | O31: 900
A32: 7 | B32: Risk Monitoring & Maintenance | C32: =SUM(D32:O32) -> 1200 | N32: 500 | O32: 700
C33: =SUM(D33:O33) -> 0
A34: Insert new rows above this one | Q34: ← To add more tasks, insert rows above this one. You can or delete this row after you are done adding tasks.
B35: Total Budgeted Cost | C35: =SUM(C22:C33) -> 40500 | D35: =SUM(D22:D34) -> 500 | E35: =SUM(E22:E34) -> 1500 | F35: =SUM(F22:F34) -> 13700 | G35: =SUM(G22:G34) -> 3600 | H35: =SUM(H22:H34) -> 3700 | I35: =SUM(I22:I34) -> 4200 | J35: =SUM(J22:J34) -> 1600 | K35: =SUM(K22:K34) -> 1200 | ... O35: =SUM(O22:O34) -> 1600
C36: Cumulative Planned Value (PV) | D36: =IF(ISBLANK(D21),NA(),SUM($D35:D35)) -> 500 | E36: =IF(ISBLANK(E21),NA(),SUM($D35:E35)) -> 2000 | F36: =IF(ISBLANK(F21),NA(),SUM($D35:F35)) -> 15700 | G36: =IF(ISBLANK(G21),NA(),SUM($D35:G35)) -> 19300 | H36: =IF(ISBLANK(H21),NA(),SUM($D35:H35)) -> 23000 | I36: =IF(ISBLANK(I21),NA(),SUM($D35:I35)) -> 27200 | J36: =IF(ISBLANK(J21),NA(),SUM($D35:J35)) -> 28800 | K36: =IF(ISBLANK(K21),NA(),SUM($D35:K35)) -> 30000 | ... O36: =IF(ISBLANK(O21),NA(),SUM($D35:O35)) -> 40500
A38: Actual Cost and Earned Value
C39: Cumulative Actual Cost (AC) | D39: =AC!D24 -> 800 | E39: =AC!E24 -> 1950 | F39: =AC!F24 -> 4550 | G39: =AC!G24 -> 6550 | H39: =AC!H24 -> 10800 | I39: =AC!I24 -> 13600 | J39: =AC!J24 -> 14500 | Q39: ← Enter the Actual Costs as calculated from the AC worksheet.
C40: Cumulative Earned Value (EV) | D40: =EV!D22 -> 1995 | E40: =EV!E22 -> 7775 | F40: =EV!F22 -> 15775 | G40: =EV!G22 -> 17800 | H40: =EV!H22 -> 19750 | I40: =EV!I22 -> 25040 | J40: =EV!J22 -> 28745 | Q40: ← Enter the Earned Value as calculated from the EV worksheet.
A42: Project Performance Metrics
C43: Cost Variance | D43: =IF(AND(ISBLANK(D39),ISBLANK(D40))," - ",D40-D39) -> 1195 | E43: =IF(AND(ISBLANK(E39),ISBLANK(E40))," - ",E40-E39) -> 5825 | F43: =IF(AND(ISBLANK(F39),ISBLANK(F40))," - ",F40-F39) -> 11225 | G43: =IF(AND(ISBLANK(G39),ISBLANK(G40))," - ",G40-G39) -> 11250 | H43: =IF(AND(ISBLANK(H39),ISBLANK(H40))," - ",H40-H39) -> 8950 | I43: =IF(AND(ISBLANK(I39),ISBLANK(I40))," - ",I40-I39) -> 11440 | J43: =IF(AND(ISBLANK(J39),ISBLANK(J40))," - ",J40-J39) -> 14245 | K43: =IF(AND(ISBLANK(K39),ISBLANK(K40))," - ",K40-K39) -> - | ... O43: =IF(AND(ISBLANK(O39),ISBLANK(O40))," - ",O40-O39) -> -
C44: Schedule Variance | D44: =IF(AND(ISBLANK(D39),ISBLANK(D40))," - ",D40-D36) -> 1495 | E44: =IF(AND(ISBLANK(E39),ISBLANK(E40))," - ",E40-E36) -> 5775 | F44: =IF(AND(ISBLANK(F39),ISBLANK(F40))," - ",F40-F36) -> 75 | G44: =IF(AND(ISBLANK(G39),ISBLANK(G40))," - ",G40-G36) -> -1500 | H44: =IF(AND(ISBLANK(H39),ISBLANK(H40))," - ",H40-H36) -> -3250 | I44: =IF(AND(ISBLANK(I39),ISBLANK(I40))," - ",I40-I36) -> -2160 | J44: =IF(AND(ISBLANK(J39),ISBLANK(J40))," - ",J40-J36) -> -55 | K44: =IF(AND(ISBLANK(K39),ISBLANK(K40))," - ",K40-K36) -> - | ... O44: =IF(AND(ISBLANK(O39),ISBLANK(O40))," - ",O40-O36) -> -
C45: Cost Performance Index | D45: =IF(AND(ISBLANK(D39),ISBLANK(D40))," - ",D40/D39) -> 2.49375 | E45: =IF(AND(ISBLANK(E39),ISBLANK(E40))," - ",E40/E39) -> 3.9871795 | F45: =IF(AND(ISBLANK(F39),ISBLANK(F40))," - ",F40/F39) -> 3.467033 | G45: =IF(AND(ISBLANK(G39),ISBLANK(G40))," - ",G40/G39) -> 2.7175573 | H45: =IF(AND(ISBLANK(H39),ISBLANK(H40))," - ",H40/H39) -> 1.8287037 | I45: =IF(AND(ISBLANK(I39),ISBLANK(I40))," - ",I40/I39) -> 1.8411765 | J45: =IF(AND(ISBLANK(J39),ISBLANK(J40))," - ",J40/J39) -> 1.9824138 | K45: =IF(AND(ISBLANK(K39),ISBLANK(K40))," - ",K40/K39) -> - | ... O45: =IF(AND(ISBLANK(O39),ISBLANK(O40))," - ",O40/O39) -> -
C46: Schedule Performance Index | D46: =IF(AND(ISBLANK(D39),ISBLANK(D40))," - ",D40/D36) -> 3.99 | E46: =IF(AND(ISBLANK(E39),ISBLANK(E40))," - ",E40/E36) -> 3.8875 | F46: =IF(AND(ISBLANK(F39),ISBLANK(F40))," - ",F40/F36) -> 1.0047771 | G46: =IF(AND(ISBLANK(G39),ISBLANK(G40))," - ",G40/G36) -> 0.92227979 | H46: =IF(AND(ISBLANK(H39),ISBLANK(H40))," - ",H40/H36) -> 0.85869565 | I46: =IF(AND(ISBLANK(I39),ISBLANK(I40))," - ",I40/I36) -> 0.92058824 | J46: =IF(AND(ISBLANK(J39),ISBLANK(J40))," - ",J40/J36) -> 0.99809028 | K46: =IF(AND(ISBLANK(K39),ISBLANK(K40))," - ",K40/K36) -> - | ... O46: =IF(AND(ISBLANK(O39),ISBLANK(O40))," - ",O40/O36) -> -
C47: Estimated Cost at Completion (EAC) | D47: =IF(AND(ISBLANK(D39),ISBLANK(D40))," - ",$C$35/D45) -> 16240.602 | E47: =IF(AND(ISBLANK(E39),ISBLANK(E40))," - ",$C$35/E45) -> 10157.556 | F47: =IF(AND(ISBLANK(F39),ISBLANK(F40))," - ",$C$35/F45) -> 11681.458 | G47: =IF(AND(ISBLANK(G39),ISBLANK(G40))," - ",$C$35/G45) -> 14903.09 | H47: =IF(AND(ISBLANK(H39),ISBLANK(H40))," - ",$C$35/H45) -> 22146.835 | I47: =IF(AND(ISBLANK(I39),ISBLANK(I40))," - ",$C$35/I45) -> 21996.805 | J47: =IF(AND(ISBLANK(J39),ISBLANK(J40))," - ",$C$35/J45) -> 20429.64 | K47: =IF(AND(ISBLANK(K39),ISBLANK(K40))," - ",$C$35/K45) -> - | ... O47: =IF(AND(ISBLANK(O39),ISBLANK(O40))," - ",$C$35/O45) -> -

Sheet EV
A1: Earned Value Worksheet
A3: This worksheet is used to help calculate the Earned Value (EV) or Budgeted Cost of Work Performed (BCWP). | Q3: Earned Value Management Template
A4: Make sure that the WBS, Task Name, and TBC are identical to the table in the Report worksheet. | Q4: © 2012-2017 Vertex42 LLC
A5: Enter the % Complete for each task to calculate the cumulative earned value.
A7: Cumulative Earned Value (EV)
A8: WBS | B8: Task Name | C8: TBC | D8: Wk 1 | E8: Wk 2 | F8: Wk 3 | G8: Wk 4 | H8: Wk 5 | I8: Wk 6 | J8: Wk 7 | K8: Wk 8 | L8: Wk 9 | M8: Wk 10 | N8: Wk 11 | O8: Wk 12
A9: =IF(ISBLANK(Report!A22)," - ",Report!A22) -> 1.1 | B9: =IF(ISBLANK(Report!B22)," - ",Report!B22) -> Project Charter & Scope Definition | C9: =Report!C22 -> 13300 | D9: 0.15 | E9: 0.5 | F9: 1 | G9: 1 | H9: 1 | I9: 1 | J9: 1
A10: =IF(ISBLANK(Report!A23)," - ",Report!A23) -> 1.2 | B10: =IF(ISBLANK(Report!B23)," - ",Report!B23) -> Initial Resource & Tool Setup | C10: =Report!C23 -> 4500 | E10: 0.25 | F10: 0.3 | G10: 0.6 | H10: 0.75 | I10: 0.9 | J10: 1
A11: =IF(ISBLANK(Report!A24)," - ",Report!A24) -> 2.1 | B11: =IF(ISBLANK(Report!B24)," - ",Report!B24) -> Requirements & Design | C11: =Report!C24 -> 4500 | F11: 0.25 | G11: 0.4 | H11: 0.5 | I11: 1 | J11: 1
A12: =IF(ISBLANK(Report!A25)," - ",Report!A25) -> 2.2 | B12: =IF(ISBLANK(Report!B25)," - ",Report!B25) -> Functional Requirements | C12: =Report!C25 -> 3300 | H12: 0.25 | I12: 0.8 | J12: 0.9
A13: =IF(ISBLANK(Report!A26)," - ",Report!A26) -> 2.3 | B13: =IF(ISBLANK(Report!B26)," - ",Report!B26) -> UI/UX Wireframes | C13: =Report!C26 -> 2200 | I13: 0.25 | J13: 0.75
A14: =IF(ISBLANK(Report!A27)," - ",Report!A27) -> 2.4 | B14: =IF(ISBLANK(Report!B27)," - ",Report!B27) -> Architecture Planning | C14: =Report!C27 -> 3650 | J14: 0.5
A15: =IF(ISBLANK(Report!A28)," - ",Report!A28) -> 3 | B15: =IF(ISBLANK(Report!B28)," - ",Report!B28) -> Requirements & Design | C15: =Report!C28 -> 2700
A16: =IF(ISBLANK(Report!A29)," - ",Report!A29) -> 4 | B16: =IF(ISBLANK(Report!B29)," - ",Report!B29) -> Frontend Development | C16: =Report!C29 -> 1100
A17: =IF(ISBLANK(Report!A30)," - ",Report!A30) -> 5 | B17: =IF(ISBLANK(Report!B30)," - ",Report!B30) -> Testing & Quality Assurance | C17: =Report!C30 -> 1950
A18: =IF(ISBLANK(Report!A31)," - ",Report!A31) -> 6 | B18: =IF(ISBLANK(Report!B31)," - ",Report!B31) -> Deployment & Documentation | C18: =Report!C31 -> 2100
A19: =IF(ISBLANK(Report!A32)," - ",Report!A32) -> 7 | B19: =IF(ISBLANK(Report!B32)," - ",Report!B32) -> Risk Monitoring & Maintenance | C19: =Report!C32 -> 1200
A20: =IF(ISBLANK(Report!A33)," - ",Report!A33) -> - | B20: =IF(ISBLANK(Report!B33)," - ",Report!B33) -> - | C20: =Report!C33 -> 0
A21: Insert new rows above this one
C22: Cumulative EV | D22: =SUMPRODUCT(D9:D21,$C$9:$C$21) -> 1995 | E22: =SUMPRODUCT(E9:E21,$C$9:$C$21) -> 7775 | F22: =SUMPRODUCT(F9:F21,$C$9:$C$21) -> 15775 | G22: =SUMPRODUCT(G9:G21,$C$9:$C$21) -> 17800 | H22: =SUMPRODUCT(H9:H21,$C$9:$C$21) -> 19750 | I22: =SUMPRODUCT(I9:I21,$C$9:$C$21) -> 25040 | J22: =SUMPRODUCT(J9:J21,$C$9:$C$21) -> 28745 | K22: =SUMPRODUCT(K9:K21,$C$9:$C$21) -> 0 | ... O22: =SUMPRODUCT(O9:O21,$C$9:$C$21) -> 0

Sheet AC
A1: Actual Cost Worksheet
A3: Use this worksheet to help calculate the Actual Cost (AC) of Work Performed (ACWP) by entering the costs incurred each period. | Q3: Earned Value Management Template
A4: Make sure that the WBS, Task Name, and TBC are identical to the table in the Report worksheet. | Q4: © 2012-2017 Vertex42 LLC
A5: Transfer the Cumulative Actual Cost to the Report worksheet.
A7: Actual Cost (AC) of Work Performed
A8: WBS | B8: Task Name | D8: Wk 1 | E8: Wk 2 | F8: Wk 3 | G8: Wk 4 | H8: Wk 5 | I8: Wk 6 | J8: Wk 7 | K8: Wk 8 | L8: Wk 9 | M8: Wk 10 | N8: Wk 11 | O8: Wk 12
A9: =IF(ISBLANK(Report!A22)," - ",Report!A22) -> 1.1 | B9: =IF(ISBLANK(Report!B22)," - ",Report!B22) -> Project Charter & Scope Definition | D9: 800 | E9: 250 | F9: 1500
A10: =IF(ISBLANK(Report!A23)," - ",Report!A23) -> 1.2 | B10: =IF(ISBLANK(Report!B23)," - ",Report!B23) -> Initial Resource & Tool Setup | E10: 900 | F10: 700 | G10: 1200 | H10: 1700
A11: =IF(ISBLANK(Report!A24)," - ",Report!A24) -> 2.1 | B11: =IF(ISBLANK(Report!B24)," - ",Report!B24) -> Requirements & Design | F11: 300 | G11: 300 | H11: 1250 | I11: 1500
A12: =IF(ISBLANK(Report!A25)," - ",Report!A25) -> 2.2 | B12: =IF(ISBLANK(Report!B25)," - ",Report!B25) -> Functional Requirements | F12: 100 | G12: 500 | H12: 900 | I12: 700 | J12: 400
A13: =IF(ISBLANK(Report!A26)," - ",Report!A26) -> 2.3 | B13: =IF(ISBLANK(Report!B26)," - ",Report!B26) -> UI/UX Wireframes | H13: 400 | I13: 600 | J13: 500
A14: =IF(ISBLANK(Report!A27)," - ",Report!A27) -> 2.4 | B14: =IF(ISBLANK(Report!B27)," - ",Report!B27) -> Architecture Planning
A15: =IF(ISBLANK(Report!A28)," - ",Report!A28) -> 3 | B15: =IF(ISBLANK(Report!B28)," - ",Report!B28) -> Requirements & Design
A16: =IF(ISBLANK(Report!A29)," - ",Report!A29) -> 4 | B16: =IF(ISBLANK(Report!B29)," - ",Report!B29) -> Frontend Development
A17: =IF(ISBLANK(Report!A30)," - ",Report!A30) -> 5 | B17: =IF(ISBLANK(Report!B30)," - ",Report!B30) -> Testing & Quality Assurance
A18: =IF(ISBLANK(Report!A31)," - ",Report!A31) -> 6 | B18: =IF(ISBLANK(Report!B31)," - ",Report!B31) -> Deployment & Documentation
A19: =IF(ISBLANK(Report!A32)," - ",Report!A32) -> 7 | B19: =IF(ISBLANK(Report!B32)," - ",Report!B32) -> Risk Monitoring & Maintenance
A20: =IF(ISBLANK(Report!A33)," - ",Report!A33) -> - | B20: =IF(ISBLANK(Report!B33)," - ",Report!B33) -> -
A21: Insert new rows above this one
C22: Total Actual Cost | D22: =SUM(D9:D21) -> 800 | E22: =SUM(E9:E21) -> 1150 | F22: =SUM(F9:F21) -> 2600 | G22: =SUM(G9:G21) -> 2000 | H22: =SUM(H9:H21) -> 4250 | I22: =SUM(I9:I21) -> 2800 | J22: =SUM(J9:J21) -> 900 | K22: =SUM(K9:K21) -> 0 | ... O22: =SUM(O9:O21) -> 0
C24: Cumulative Actual Cost (AC) | D24: =SUM($D22:D22) -> 800 | E24: =SUM($D22:E22) -> 1950 | F24: =SUM($D22:F22) -> 4550 | G24: =SUM($D22:G22) -> 6550 | H24: =SUM($D22:H22) -> 10800 | I24: =SUM($D22:I22) -> 13600 | J24: =SUM($D22:J22) -> 14500 | K24: =SUM($D22:K22) -> 14500 | ... O24: =SUM($D22:O22) -> 14500

Sheet ©
A1: Earned Value Management (EVM) Template
B3: By Vertex42.com
B4: https://www.vertex42.com/ExcelTemplates/critical-path-method.html
B6: © 2012-2017 Vertex42 LLC
B8: This spreadsheet, including all worksheets and associated content is a copyrighted work under the United States and other copyright laws.
B10: Do not submit copies or modifications of this template to any website or online template gallery.
B12: Please review the following license agreement to learn how you may or may not use this template. Thank you.
B14: https://www.vertex42.com/licensing/EULA_privateuse.html
B16: Do not delete this worksheet.
